Day,Treatment,OTU,log2FoldChange,lfcSE,Rank1,Rank2,Rank3,Rank4,Rank5,Rank6,Rank7,Rank8,l2fc.threshold,p,Experiment,sparsity,padj,shift,log2FoldChangeWtime,pvalueWtime,copynumber,Rank,Relative_abundance,rspnse
3,13CCPS,OTU.32,2.33834743342122,0.369972236262525,Bacteria,Proteobacteria,Deltaproteobacteria,Myxococcales,Sorangiineae,Sandaracinaceae,Sandaracinus,,0.946802274536792,8.45449728750476e-05,13CCPS,1.0,0.00585262574727517,0.0031082867475904497,0.8871731169468391,0.15637865846406,3.07675197037198,343.1015625,0.002874917113758091,two
3,13CXPS,OTU.32,3.00154091763466,0.418530833838659,Bacteria,Proteobacteria,Deltaproteobacteria,Myxococcales,Sorangiineae,Sandaracinaceae,Sandaracinus,,0.946802274536792,4.56758609885975e-07,13CXPS,1.0,6.670959497384671e-05,0.005449001515350328,0.8871731169468391,0.15637865846406,3.07675197037198,343.1015625,0.002874917113758091,two
7,13CXPS,OTU.32,2.11715722881459,0.37367550599467203,Bacteria,Proteobacteria,Deltaproteobacteria,Myxococcales,Sorangiineae,Sandaracinaceae,Sandaracinus,,0.946802274536792,0.000868073506090435,13CXPS,1.0,0.0478423153073615,0.0030156240950738322,0.8871731169468391,0.15637865846406,3.07675197037198,108.48333333333333,0.0034605132277627333,two
14,13CXPS,OTU.32,1.9578602932029099,0.23247768180772402,Bacteria,Proteobacteria,Deltaproteobacteria,Myxococcales,Sorangiineae,Sandaracinaceae,Sandaracinus,,0.946802274536792,6.8362986909000295e-06,13CXPS,1.0,0.00079875313904476,0.010755308522805596,0.8871731169468391,0.15637865846406,3.07675197037198,541.8524590163935,0.003368135206974866,two
3,13CCPS,OTU.6,3.4208278928494305,0.571672856564682,Bacteria,Proteobacteria,Gammaproteobacteria,Pseudomonadales,Pseudomonadaceae,Cellvibrio,uncultured_bacterium,,0.946802274536792,7.533904944146229e-06,13CCPS,0.736842105263158,0.000993399180492424,0.018041044184288868,2.13936020913553,1.35298406263383e-06,3.23162691063393,453.5,0.003482900553143495,two
3,13CXPS,OTU.6,3.23595351584119,0.433129853014948,Bacteria,Proteobacteria,Gammaproteobacteria,Pseudomonadales,Pseudomonadaceae,Cellvibrio,uncultured_bacterium,,0.946802274536792,6.28048599292539e-08,13CXPS,0.818181818181818,1.14658122408344e-05,0.01387121958828641,2.13936020913553,1.35298406263383e-06,3.23162691063393,453.5,0.003482900553143495,two
7,13CCPS,OTU.6,3.6176068516725897,0.5631231680267851,Bacteria,Proteobacteria,Gammaproteobacteria,Pseudomonadales,Pseudomonadaceae,Cellvibrio,uncultured_bacterium,,0.946802274536792,1.0536997964316299e-06,13CCPS,1.0,0.00022443805663993703,0.016354274540031355,2.13936020913553,1.35298406263383e-06,3.23162691063393,53.725,0.017911765061010217,two
14,13CCPS,OTU.6,3.42356130728567,0.500204877721055,Bacteria,Proteobacteria,Gammaproteobacteria,Pseudomonadales,Pseudomonadaceae,Cellvibrio,uncultured_bacterium,,0.946802274536792,3.6823860292160295e-07,13CCPS,1.0,0.00011362689027823798,0.010480425496480095,2.13936020913553,1.35298406263383e-06,3.23162691063393,196.28688524590163,0.03598121895413048,two
7,13CCPS,OTU.83,3.1788514055872703,0.5909472102710601,Bacteria,Verrucomicrobia,Verrucomicrobiae,Verrucomicrobiales,Verrucomicrobiaceae,uncultured,,,0.946802274536792,7.934199015993149e-05,13CCPS,1.0,0.00563328130135514,0.014354327694493518,1.15413648245962,0.0739504539624476,1.80222789670785,418.8,0.001860390024383567,one
14,13CCPS,OTU.83,5.605220867429759,0.726654944474749,Bacteria,Verrucomicrobia,Verrucomicrobiae,Verrucomicrobiales,Verrucomicrobiaceae,uncultured,,,0.946802274536792,7.2392672533985e-11,13CCPS,0.823529411764706,2.00455310246604e-07,0.027375039941475388,1.15413648245962,0.0739504539624476,1.80222789670785,1121.483606557377,0.001987141356684797,one
30,13CCPS,OTU.83,3.8537596354602996,0.624314104785606,Bacteria,Verrucomicrobia,Verrucomicrobiae,Verrucomicrobiales,Verrucomicrobiaceae,uncultured,,,0.946802274536792,1.61016936761655e-06,13CCPS,1.0,0.000297237265262015,0.017535904546818637,1.15413648245962,0.0739504539624476,1.80222789670785,802.508064516129,0.002571554325102188,one
7,13CCPS,OTU.98,2.74800199774669,0.642838096274919,Bacteria,Chloroflexi,Herpetosiphonales,Herpetosiphonaceae,Herpetosiphon,uncultured_Chloroflexi_bacterium,,,0.946802274536792,0.00253974315702519,13CCPS,0.823529411764706,0.0817738232767761,0.010685130368812246,2.7504664262040697,0.000263747385358746,4.49894996127034,1396.6333333333334,0.000666232205854035,one
14,13CCPS,OTU.98,3.6847391919176204,0.555319892130988,Bacteria,Chloroflexi,Herpetosiphonales,Herpetosiphonaceae,Herpetosiphon,uncultured_Chloroflexi_bacterium,,,0.946802274536792,4.1035352213159206e-07,13CCPS,0.941176470588235,0.00011362689027823798,0.01995339352537884,2.7504664262040697,0.000263747385358746,4.49894996127034,1171.5819672131147,0.0016248499405698653,one
30,13CCPS,OTU.98,3.5067900427685896,0.576685955674916,Bacteria,Chloroflexi,Herpetosiphonales,Herpetosiphonaceae,Herpetosiphon,uncultured_Chloroflexi_bacterium,,,0.946802274536792,4.51602269336993e-06,13CCPS,1.0,0.000658150886207439,0.020542212311547736,2.7504664262040697,0.000263747385358746,4.49894996127034,1122.0483870967741,0.0020161886769576526,one
7,13CCPS,OTU.4322,3.50250028917553,0.6091189558070921,Bacteria,Chloroflexi,Herpetosiphonales,Herpetosiphonaceae,Herpetosiphon,uncultured_Chloroflexi_bacterium,,,0.946802274536792,1.3599770769056401e-05,13CCPS,0.882352941176471,0.00150631061038069,0.014321262582644543,2.36757260128156,0.0005368330697523509,4.49895276009234,1206.1416666666667,0.0009675561355987651,one
14,13CCPS,OTU.4322,4.19375318140684,0.5805617863060739,Bacteria,Chloroflexi,Herpetosiphonales,Herpetosiphonaceae,Herpetosiphon,uncultured_Chloroflexi_bacterium,,,0.946802274536792,1.11734999330482e-08,13CCPS,1.0,6.18788426292207e-06,0.0200502031476586,2.36757260128156,0.0005368330697523509,4.49895276009234,1157.049180327869,0.0026688628733638037,one
30,13CCPS,OTU.4322,3.6318385301783995,0.553461968804501,Bacteria,Chloroflexi,Herpetosiphonales,Herpetosiphonaceae,Herpetosiphon,uncultured_Chloroflexi_bacterium,,,0.946802274536792,6.13127854464834e-07,13CCPS,1.0,0.00014147925241776,0.017856250666386853,2.36757260128156,0.0005368330697523509,4.49895276009234,818.0,0.003334657563997973,one
7,13CCPS,OTU.64,2.91817634228675,0.560541653308133,Bacteria,Chloroflexi,Herpetosiphonales,Herpetosiphonaceae,Herpetosiphon,uncultured_Chloroflexi_bacterium,,,0.946802274536792,0.0002183015980953,13CCPS,1.0,0.0125932734401226,0.013066470840016107,1.9174268300919,0.0038829548376374604,4.38675684658123,448.18333333333334,0.0016923898675591748,one
14,13CCPS,OTU.64,4.3067209995617795,0.5341494082897279,Bacteria,Chloroflexi,Herpetosiphonales,Herpetosiphonaceae,Herpetosiphon,uncultured_Chloroflexi_bacterium,,,0.946802274536792,1.58505443824029e-10,13CCPS,1.0,2.1945078697436901e-07,0.020460996804539718,1.9174268300919,0.0038829548376374604,4.38675684658123,1043.22131147541,0.0036066773987556175,one
30,13CCPS,OTU.64,3.10601579439644,0.6062438195190091,Bacteria,Chloroflexi,Herpetosiphonales,Herpetosiphonaceae,Herpetosiphon,uncultured_Chloroflexi_bacterium,,,0.946802274536792,0.000184282844495124,13CCPS,1.0,0.0110930260088478,0.020379221970699524,1.9174268300919,0.0038829548376374604,4.38675684658123,719.1612903225806,0.0032843621583274396,one
14,13CCPS,OTU.473,3.57548085663875,0.9310238755138209,Bacteria,Planctomycetes,Planctomycetacia,Planctomycetales,Planctomycetaceae,Pirellula,,,0.946802274536792,0.00237565718511072,13CCPS,0.588235294117647,0.0783118422091854,0.00885384290137381,-0.9352924651668609,0.34713961550372696,1.49195057318918,1981.4016393442623,0.0003222859656549402,one
14,13CCPS,OTU.351,3.5438630308384598,0.6787220814224679,Bacteria,Planctomycetes,Planctomycetacia,Planctomycetales,Planctomycetaceae,Pirellula,,,0.946802274536792,6.501601928485551e-05,13CCPS,0.7647058823529409,0.0047376146684148706,0.012981656060963244,1.3829432806367201,0.07742460820495199,1.34876112389317,1256.639344262295,0.0006890950020573802,one
30,13CCPS,OTU.351,2.5738924788993396,0.5429967300950971,Bacteria,Planctomycetes,Planctomycetacia,Planctomycetales,Planctomycetaceae,Pirellula,,,0.946802274536792,0.00136548704446574,13CCPS,0.941176470588235,0.0510950490016977,0.008195288424697633,1.3829432806367201,0.07742460820495199,1.34876112389317,1136.3951612903227,0.001038476876296175,one
14,13CCPS,OTU.484,4.91729510953332,0.9013683157025351,Bacteria,Planctomycetes,Planctomycetacia,Planctomycetales,Planctomycetaceae,Rhodopirellula,uncultured_Planctomycetaceae_bacterium,,0.946802274536792,5.29013045365254e-06,13CCPS,0.588235294117647,0.000732418561308194,0.007964878166361709,1.5402711743087398,0.11576965024875199,1.2825523147522,2347.7131147540986,0.0004548798370284909,one
30,13CCPS,OTU.484,3.6870306165753597,0.796484831067815,Bacteria,Planctomycetes,Planctomycetacia,Planctomycetales,Planctomycetaceae,Rhodopirellula,uncultured_Planctomycetaceae_bacterium,,0.946802274536792,0.00029042492011438704,13CCPS,0.7647058823529409,0.0154651269960911,0.018378922045789725,1.5402711743087398,0.11576965024875199,1.2825523147522,1916.1290322580646,0.0008408906638057557,one
14,13CCPS,OTU.1065,5.31420978791286,1.26900862882081,Bacteria,Planctomycetes,Planctomycetacia,Planctomycetales,Planctomycetaceae,Rhodopirellula,uncultured_Planctomycetaceae_bacterium,,0.946802274536792,0.00028915293821592003,13CCPS,0.529411764705882,0.0154651269960911,0.02081932053469226,1.29531739189529,0.131642160140044,1.28477393890249,2871.7622950819673,0.00014871733368104287,one
30,13CCPS,OTU.1065,5.125700966824231,1.0087398763011899,Bacteria,Planctomycetes,Planctomycetacia,Planctomycetales,Planctomycetaceae,Rhodopirellula,uncultured_Planctomycetaceae_bacterium,,0.946802274536792,1.7162633841962602e-05,13CCPS,0.529411764705882,0.00176012344845905,0.028658910608126312,1.29531739189529,0.131642160140044,1.28477393890249,2556.532258064516,0.0002804931656784759,one
14,13CCPS,OTU.285,3.53174590310162,0.798582822693826,Bacteria,Planctomycetes,Planctomycetacia,Planctomycetales,Planctomycetaceae,Pir4_lineage,uncultured_planctomycete,,0.946802274536792,0.0006041498671435349,13CCPS,0.7058823529411771,0.026982112614846003,0.01312928537673197,1.16588802480423,0.16032356448320198,1.40760932799925,1919.7459016393443,0.00034511640577342324,one
30,13CCPS,OTU.285,3.54561671420477,0.7169539741745681,Bacteria,Planctomycetes,Planctomycetacia,Planctomycetales,Planctomycetaceae,Pir4_lineage,uncultured_planctomycete,,0.946802274536792,0.000144592833054907,13CCPS,0.823529411764706,0.009099489880205371,0.02455106338890034,1.16588802480423,0.16032356448320198,1.40760932799925,1590.3870967741937,0.0006220214773249411,one
14,13CCPS,OTU.150,4.05999125486535,0.620968165108339,Bacteria,Planctomycetes,Planctomycetacia,Planctomycetales,Planctomycetaceae,Planctomyces,uncultured_bacterium,,0.946802274536792,2.6732197906789696e-07,13CCPS,0.7058823529411771,0.00010574493714843001,0.008989741803956619,2.1880615633630702,0.00155923325645745,1.61180655021042,889.3934426229508,0.0013483454553326224,two
14,13CXPS,OTU.150,3.08317765729471,0.597585170246838,Bacteria,Planctomycetes,Planctomycetacia,Planctomycetales,Planctomycetaceae,Planctomyces,uncultured_bacterium,,0.946802274536792,0.000175104540956356,13CXPS,0.7058823529411771,0.0134600095824609,0.008860879302025726,2.1880615633630702,0.00155923325645745,1.61180655021042,889.3934426229508,0.0013483454553326224,two
14,13CCPS,OTU.204,3.8134775854258103,0.588413411888269,Bacteria,Planctomycetes,Planctomycetacia,Planctomycetales,Planctomycetaceae,Planctomyces,Planctomyces_sp._Io1-3,,0.946802274536792,5.52726605963136e-07,13CCPS,0.882352941176471,0.000139136361082902,0.014765048073168696,2.12798981782639,0.0073725575433073905,1.76653566525073,1866.4262295081967,0.0007187689711840331,one
30,13CCPS,OTU.204,3.61238641759929,0.618410370872573,Bacteria,Planctomycetes,Planctomycetacia,Planctomycetales,Planctomycetaceae,Planctomyces,Planctomyces_sp._Io1-3,,0.946802274536792,8.14868569323781e-06,13CCPS,0.941176470588235,0.00102562321293525,0.01578378416776216,2.12798981782639,0.0073725575433073905,1.76653566525073,1375.5806451612902,0.0012119478486737575,one
14,13CCPS,OTU.257,2.93803318025042,0.616777700152079,Bacteria,Actinobacteria,Pseudonocardiales,Pseudonocardiaceae,Lentzea,,,,0.946802274536792,0.000622332924104676,13CCPS,1.0,0.0273530137594579,0.010074658942125671,-0.28193385882578004,0.7440384925290351,5.676647150373241,1299.4016393442623,0.0015712873407861222,one
14,13CCPS,OTU.132,2.81037473623935,0.47253667987889403,Bacteria,Actinobacteria,Streptomycetales,Streptomycetaceae,Streptomyces,,,,0.946802274536792,4.01065416318624e-05,13CCPS,1.0,0.00317300039367506,0.0103885856149597,-0.8003115399041779,0.21301862616213502,5.999999994412299,340.95081967213116,0.0035235149411863664,one
14,13CCPS,OTU.900,4.8667869913339,0.954387956640441,Bacteria,Proteobacteria,Alphaproteobacteria,Caulobacterales,Caulobacteraceae,Brevundimonas,,,0.946802274536792,2.00131010077655e-05,13CCPS,0.647058823529412,0.00197915273894652,0.02457381133514369,0.17711119909050602,0.8470744861264609,1.7087080078938601,2290.44262295082,0.000920790755294881,one
14,13CCPS,OTU.119,3.31430811556985,0.5201592768554699,Bacteria,Proteobacteria,Alphaproteobacteria,Caulobacterales,Caulobacteraceae,Brevundimonas,,,0.946802274536792,2.6632181689748502e-06,13CCPS,1.0,0.00046090319436821,0.013798099349989323,0.828195594206178,0.33904474501934,1.83693693455732,1022.5,0.0021313304722604524,one
30,13CCPS,OTU.119,3.0024154452785097,0.591770236762834,Bacteria,Proteobacteria,Alphaproteobacteria,Caulobacterales,Caulobacteraceae,Brevundimonas,,,0.946802274536792,0.000256698190845311,13CCPS,1.0,0.0145060671520544,0.014053501399635905,0.828195594206178,0.33904474501934,1.83693693455732,1461.274193548387,0.0015136552474882923,one
14,13CCPS,OTU.327,2.9902934859408097,0.6751492771996,Bacteria,Proteobacteria,Alphaproteobacteria,Caulobacterales,Caulobacteraceae,Asticcacaulis,,,0.946802274536792,0.00123609368818225,13CCPS,0.882352941176471,0.0478635002135755,0.021068155779656598,0.0281489567758175,0.9770732758535841,1.7488138841114598,1950.22131147541,0.000525746482637462,one
14,13CCPS,OTU.1754,4.47565869463611,0.8349786571293871,Bacteria,Proteobacteria,Alphaproteobacteria,Caulobacterales,Caulobacteraceae,Asticcacaulis,,,0.946802274536792,1.1879138261185801e-05,13CCPS,0.588235294117647,0.00137055557688431,0.027605031372949677,-0.613093493917356,0.490955767163826,1.99998780188037,2359.8606557377047,0.0003623285364634868,one
14,13CCPS,OTU.28,2.59432379571068,0.494847050683481,Bacteria,Proteobacteria,Alphaproteobacteria,Rhizobiales,Rhizobiaceae,Rhizobium,,,0.946802274536792,0.00043523682111825697,13CCPS,1.0,0.0207788061668354,0.015413647122975547,-1.7536222132631898,0.0023680822699423303,3.02079759268727,219.31147540983608,0.003385560610701725,one
14,13CCPS,OTU.165,3.0988318969399202,0.5439773222503951,Bacteria,Proteobacteria,Alphaproteobacteria,Rhizobiales,Rhizobiaceae,Rhizobium,uncultured_bacterium,,0.946802274536792,3.80913657021609e-05,13CCPS,1.0,0.00313236538927659,0.01929215927329264,-1.6549777317515,0.0351781559922899,4.99138476036245,1004.6229508196722,0.002168972001966818,two
3,13CXPS,OTU.165,2.38072671928833,0.49313311219024897,Bacteria,Proteobacteria,Alphaproteobacteria,Rhizobiales,Rhizobiaceae,Rhizobium,uncultured_bacterium,,0.946802274536792,0.00181999982280165,13CXPS,0.954545454545455,0.0901054149559937,0.012326987497319752,-1.6549777317515,0.0351781559922899,4.99138476036245,433.3125,0.001617802772857145,two
14,13CCPS,OTU.19,2.4438095987222597,0.442887589170527,Bacteria,Proteobacteria,Alphaproteobacteria,Rhizobiales,Rhizobiaceae,,,,0.946802274536792,0.00036228842362945,13CCPS,1.0,0.0185773452783324,0.011403891118104914,-1.7554177445236698,0.000192564254558438,3.01390162338054,74.00819672131148,0.005607902187485731,two
7,13CXPS,OTU.19,2.1388107514751797,0.388427972072552,Bacteria,Proteobacteria,Alphaproteobacteria,Rhizobiales,Rhizobiaceae,,,,0.946802274536792,0.0010745954673352,13CXPS,1.0,0.057070788365202005,0.008219647254890772,-1.7554177445236698,0.000192564254558438,3.01390162338054,43.55,0.0071144855214343595,two
14,13CCPS,OTU.3775,3.8762641456644498,0.6515802875352811,Bacteria,Proteobacteria,Alphaproteobacteria,Rhizobiales,Hyphomicrobiaceae,Devosia,uncultured_bacterium,,0.946802274536792,3.4632634691077696e-06,13CCPS,0.941176470588235,0.000564104502703495,0.01878391394568002,-0.48356262502048003,0.610047895219128,2.5000684011171,1516.2622950819673,0.0015732837676220755,one
14,13CCPS,OTU.766,3.21033794354877,0.48400591895244005,Bacteria,Proteobacteria,Alphaproteobacteria,Rhizobiales,Hyphomicrobiaceae,Devosia,uncultured_bacterium,,0.946802274536792,1.45785877249198e-06,13CCPS,1.0,0.000288343638645021,0.01663828011585466,0.7502011802257109,0.285492226385493,2.54180484158022,342.2704918032787,0.004354003990063447,one
30,13CCPS,OTU.766,2.7977750190012505,0.45285348340303205,Bacteria,Proteobacteria,Alphaproteobacteria,Rhizobiales,Hyphomicrobiaceae,Devosia,uncultured_bacterium,,0.946802274536792,2.18160029439665e-05,13CCPS,1.0,0.002083052143167,0.013622334413614157,0.7502011802257109,0.285492226385493,2.54180484158022,417.2903225806452,0.004562000871989203,one
14,13CCPS,OTU.90,2.94457726018402,0.547754827116951,Bacteria,Proteobacteria,Alphaproteobacteria,Sphingomonadales,Sphingomonadaceae,Sphingopyxis,uncultured_bacterium,,0.946802274536792,0.000132553412468898,13CCPS,0.941176470588235,0.00853582323549714,0.016792880294218767,1.49362576822618,0.0445533141645814,1.00023303205833,982.5573770491803,0.00229234226493344,one
30,13CCPS,OTU.90,2.57136380470365,0.5280579348695971,Bacteria,Proteobacteria,Alphaproteobacteria,Sphingomonadales,Sphingomonadaceae,Sphingopyxis,uncultured_bacterium,,0.946802274536792,0.00104728943226257,13CCPS,0.941176470588235,0.0420281802599284,0.010631574918049669,1.49362576822618,0.0445533141645814,1.00023303205833,1171.5806451612902,0.0016138590217457368,one
14,13CCPS,OTU.429,3.65095570649363,0.9267133026034879,Bacteria,Proteobacteria,Alphaproteobacteria,Rhizobiales,Hyphomicrobiaceae,Devosia,,,0.946802274536792,0.00176139727623037,13CCPS,0.588235294117647,0.0625296033061781,0.02525624914922986,0.5084032219659791,0.6001308029086109,3.0359439175562595,2430.401639344262,0.0001967905616906929,one
30,13CCPS,OTU.429,3.6989562612286604,0.9138997186638209,Bacteria,Proteobacteria,Alphaproteobacteria,Rhizobiales,Hyphomicrobiaceae,Devosia,,,0.946802274536792,0.00130005976646605,13CCPS,0.588235294117647,0.049313225936225995,0.016670912122376924,0.5084032219659791,0.6001308029086109,3.0359439175562595,2376.0806451612902,0.0003012701620507813,one
14,13CCPS,OTU.982,4.466491258344701,1.05075624613355,Bacteria,Proteobacteria,Alphaproteobacteria,Rhizobiales,Hyphomicrobiaceae,Devosia,,,0.946802274536792,0.000404536240406644,13CCPS,0.529411764705882,0.0200028723158214,0.028043251580779586,-0.357506258728104,0.6600395636526579,3.03745356185213,2572.6311475409834,0.00018671400530374793,one
14,13CCPS,OTU.5539,4.01077582195424,0.849683629492638,Bacteria,Proteobacteria,Alphaproteobacteria,Rhizobiales,Hyphomicrobiaceae,Devosia,uncultured_bacterium,,0.946802274536792,0.00015546643390113601,13CCPS,0.588235294117647,0.00956636789938325,0.02469085410655003,-0.19534770186279896,0.808433626591275,3.02943598117477,2704.2704918032787,0.000267721163918881,one
14,13CCPS,OTU.1087,4.3157840153423,0.7969399232227009,Bacteria,Proteobacteria,Alphaproteobacteria,Rhizobiales,Hyphomicrobiaceae,Devosia,,,0.946802274536792,1.18204970013408e-05,13CCPS,0.7058823529411771,0.00137055557688431,0.02505660630281348,-0.6349192036555871,0.48356082770543,3.02604628324695,2060.4508196721313,0.00047425721724257247,one
30,13CCPS,OTU.1087,3.60856577138439,0.7134206987417742,Bacteria,Proteobacteria,Alphaproteobacteria,Rhizobiales,Hyphomicrobiaceae,Devosia,,,0.946802274536792,9.53654567254952e-05,13CCPS,0.7647058823529409,0.00628730832554515,0.0149471139615851,-0.6349192036555871,0.48356082770543,3.02604628324695,2454.75,0.0002997904581583016,one
14,13CCPS,OTU.114,2.7768371772552203,0.633840754684697,Bacteria,Proteobacteria,Betaproteobacteria,Burkholderiales,Oxalobacteraceae,,,,0.946802274536792,0.0019433391253658398,13CCPS,0.941176470588235,0.0681152663055443,0.014338942938120438,0.24367200262685898,0.645782781540048,4.17674586640803,380.71311475409834,0.003316247669808727,one
14,13CCPS,OTU.5,2.68548667026003,0.31770866682119103,Bacteria,Proteobacteria,Betaproteobacteria,Burkholderiales,Comamonadaceae,,,,0.946802274536792,2.21771912011079e-08,13CCPS,1.0,1.02347737393113e-05,-0.015095065537201746,0.0533535151618424,0.9291901597263651,4.99940667605651,222.18032786885246,0.014649865536612388,two
7,13CXPS,OTU.5,3.6920529168071097,0.4212093981418621,Bacteria,Proteobacteria,Betaproteobacteria,Burkholderiales,Comamonadaceae,,,,0.946802274536792,3.5734011566285105e-11,13CXPS,1.0,1.1597671976124299e-08,-0.00950716880911262,0.0533535151618424,0.9291901597263651,4.99940667605651,76.81666666666666,0.0202030425709769,two
14,13CCPS,OTU.518,4.79721102506813,0.924440667405483,Bacteria,Proteobacteria,Betaproteobacteria,Burkholderiales,Comamonadaceae,Hydrogenophaga,,,0.946802274536792,1.5559262209573998e-05,13CCPS,0.529411764705882,0.00165706142531963,0.015861116449497503,-0.47128311724223904,0.582760625075235,3.0010832913549303,2670.5245901639346,0.0003313445852939625,one
14,13CCPS,OTU.11,3.4141296189495702,0.421496446021682,Bacteria,Proteobacteria,Gammaproteobacteria,Xanthomonadales,Xanthomonadaceae,Stenotrophomonas,,,0.946802274536792,2.4033109827272797e-09,13CCPS,1.0,2.21825603705728e-06,-0.02686029301482473,-0.287802705516662,0.7712563409177572,3.66687378918779,1364.6311475409836,0.010652235882595548,two
7,13CXPS,OTU.11,5.24508479831438,0.585303483048414,Bacteria,Proteobacteria,Gammaproteobacteria,Xanthomonadales,Xanthomonadaceae,Stenotrophomonas,,,0.946802274536792,1.0389842321267801e-13,13CXPS,0.944444444444444,5.85721582292041e-11,-0.021573942432992155,-0.287802705516662,0.7712563409177572,3.66687378918779,1119.6333333333334,0.013020324583659055,two
14,13CCPS,OTU.154,3.24499981172742,0.596757987040014,Bacteria,Proteobacteria,Gammaproteobacteria,Xanthomonadales,Xanthomonadaceae,Pseudoxanthomonas,,,0.946802274536792,5.878503966776079e-05,13CCPS,1.0,0.00439934526594675,0.016743619224119488,0.42263021294734204,0.616792172692317,2.3983980224011896,1063.467213114754,0.0014878448760725122,one
14,13CCPS,OTU.100,2.6627028313572203,0.554147640327866,Bacteria,Proteobacteria,Gammaproteobacteria,Xanthomonadales,Xanthomonadaceae,Pseudoxanthomonas,,,0.946802274536792,0.000979204270490897,13CCPS,1.0,0.0398737738969014,0.013324961309742813,-0.4528570091751529,0.5322620393317921,2.40794887035567,991.7295081967213,0.001080783516478559,one
14,13CCPS,OTU.627,4.43004098160107,1.04219241751497,Bacteria,Verrucomicrobia,Verrucomicrobiae,Verrucomicrobiales,Verrucomicrobiaceae,Prosthecobacter,,,0.946802274536792,0.000415552399469642,13CCPS,0.529411764705882,0.0201870981426568,0.022096167663775645,1.21433056802016,0.20628434046062197,1.8864494795593203,2518.565573770492,0.00027980458280190345,one
14,13CCPS,OTU.241,2.6608985999618597,0.611646389489121,Bacteria,Verrucomicrobia,Spartobacteria,Chthoniobacterales,Chthoniobacteraceae,Chthoniobacter,uncultured_bacterium,,0.946802274536792,0.00253595936566996,13CCPS,0.941176470588235,0.0817738232767761,0.02028995005985723,1.9195839257972402,0.0145923762014101,1.5586448667190098,1074.9016393442623,0.0009315503762540496,two
14,13CXPS,OTU.241,2.6283630145126,0.521104381587898,Bacteria,Verrucomicrobia,Spartobacteria,Chthoniobacterales,Chthoniobacteraceae,Chthoniobacter,uncultured_bacterium,,0.946802274536792,0.0006256581204255491,13CXPS,0.941176470588235,0.0351451417262121,0.0217161876529588,1.9195839257972402,0.0145923762014101,1.5586448667190098,1074.9016393442623,0.0009315503762540496,two
3,13CXPS,OTU.241,3.3845593784096897,0.790709374353354,Bacteria,Verrucomicrobia,Spartobacteria,Chthoniobacterales,Chthoniobacteraceae,Chthoniobacter,uncultured_bacterium,,0.946802274536792,0.0010246253273846699,13CXPS,0.6363636363636359,0.0554246403942707,0.015584871994011262,1.9195839257972402,0.0145923762014101,1.5586448667190098,2393.3125,0.00020391357819519863,two
14,13CCPS,OTU.2192,3.1970965643105798,0.721189688964217,Bacteria,Verrucomicrobia,Spartobacteria,Chthoniobacterales,FukuN18_freshwater_group,uncultured_bacterium,,,0.946802274536792,0.0009034788468605961,13CCPS,0.7647058823529409,0.0379050443478332,0.01440371504910476,1.38055076718432,0.151427903613472,1.7711913313828103,2157.1065573770493,0.0003527564783803455,one
30,13CCPS,OTU.2192,3.49400032859876,0.842142978440966,Bacteria,Verrucomicrobia,Spartobacteria,Chthoniobacterales,FukuN18_freshwater_group,uncultured_bacterium,,,0.946802274536792,0.0012445547184461699,13CCPS,0.647058823529412,0.0478635002135755,0.024764130235387597,1.38055076718432,0.151427903613472,1.7711913313828103,2193.314516129032,0.0004191393570558206,one
14,13CCPS,OTU.266,4.0675248143216605,1.11532023634759,Bacteria,Verrucomicrobia,Spartobacteria,Chthoniobacterales,FukuN18_freshwater_group,uncultured_bacterium,,,0.946802274536792,0.00257060229635894,13CCPS,0.47058823529411803,0.0818160661910103,0.02884203534273588,0.46039818988999703,0.581740566678131,1.83000719372744,2566.7622950819673,0.0002900665313747486,one
30,13CCPS,OTU.266,4.54215796499263,0.8859996814291121,Bacteria,Verrucomicrobia,Spartobacteria,Chthoniobacterales,FukuN18_freshwater_group,uncultured_bacterium,,,0.946802274536792,2.4751092992307503e-05,13CCPS,0.647058823529412,0.0022845258831899803,0.030966290010264737,0.46039818988999703,0.581740566678131,1.83000719372744,2305.483870967742,0.0004552878852985384,one
14,13CCPS,OTU.185,4.3650137847590695,0.861062833603123,Bacteria,Verrucomicrobia,Spartobacteria,Chthoniobacterales,FukuN18_freshwater_group,,,,0.946802274536792,3.5972756358547205e-05,13CCPS,0.7647058823529409,0.00311276757365054,0.02353684285530644,2.06379138016397,0.0286592757909855,1.83050270498885,1733.3032786885246,0.0008127124289206776,one
30,13CCPS,OTU.185,4.02534545752256,0.689488001250942,Bacteria,Verrucomicrobia,Spartobacteria,Chthoniobacterales,FukuN18_freshwater_group,,,,0.946802274536792,4.00400016341544e-06,13CCPS,0.882352941176471,0.000615948691805408,0.01888544948681714,2.06379138016397,0.0286592757909855,1.83050270498885,1437.983870967742,0.001492752260581385,one
14,13CCPS,OTU.120,4.758362654267571,0.671247926834735,Bacteria,Cyanobacteria,SM1D11,uncultured_bacterium,,,,,0.946802274536792,6.801212214332171e-09,13CCPS,0.882352941176471,4.70813915537144e-06,0.022077840569493246,2.7400008516591097,0.00032007811805172997,1.92390510011575,1335.639344262295,0.002329861120403476,one
30,13CCPS,OTU.120,3.13304001243563,0.649518191129842,Bacteria,Cyanobacteria,SM1D11,uncultured_bacterium,,,,,0.946802274536792,0.000381419736515003,13CCPS,0.941176470588235,0.0192027500074553,0.007115947414795931,2.7400008516591097,0.00032007811805172997,1.92390510011575,1526.3064516129032,0.0011066453005502532,one
14,13CCPS,OTU.5190,3.5684516212107598,0.7922437618195111,Bacteria,Chloroflexi,Herpetosiphonales,Herpetosiphonaceae,Herpetosiphon,uncultured_Chloroflexi_bacterium,,,0.946802274536792,0.00046790707825421397,13CCPS,0.7058823529411771,0.0214325818173404,0.017204908094339055,1.07959294694382,0.266557020817234,4.53051898346574,2514.2295081967213,0.0002766575311700661,one
30,13CCPS,OTU.5190,3.59968254489095,0.9385531922686501,Bacteria,Chloroflexi,Herpetosiphonales,Herpetosiphonaceae,Herpetosiphon,uncultured_Chloroflexi_bacterium,,,0.946802274536792,0.00235252014114063,13CCPS,0.529411764705882,0.0783118422091854,0.026914280827148532,1.07959294694382,0.266557020817234,4.53051898346574,2508.6290322580644,0.00023638642227979736,one
30,13CCPS,OTU.669,3.3380929514696,0.6912872292383521,Bacteria,Bacteroidetes,Cytophagia,Cytophagales,Cytophagaceae,Flexibacter,uncultured_bacterium,,0.946802274536792,0.000270905927425554,13CCPS,0.7647058823529409,0.0150027702608272,0.015573819159627522,0.5379160555106,0.5747334836960539,3.37920881810901,1773.6935483870968,0.0005100564889391034,one
30,13CCPS,OTU.465,3.7871044692791496,0.5740488288676279,Bacteria,Bacteroidetes,Cytophagia,Cytophagales,Cytophagaceae,Flexibacter,uncultured_bacterium,,0.946802274536792,3.7520628948823706e-07,13CCPS,0.7647058823529409,0.00011362689027823798,-0.0014551614146458556,2.44219103278047,0.014059003058373997,3.8542764511800702,1968.9354838709678,0.0006216391327127624,one
30,13CCPS,OTU.1094,3.68677777701935,0.9522095884397621,Bacteria,Bacteroidetes,Cytophagia,Cytophagales,Cytophagaceae,Sporocytophaga,,,0.946802274536792,0.0020042501739025802,13CCPS,0.529411764705882,0.069372109144203,0.024824424546391555,0.7961532763311909,0.425130828317704,2.9869278576039795,2063.935483870968,0.00037533379851757096,one
30,13CCPS,OTU.670,2.8694215027381897,0.6483522615231789,Bacteria,Bacteroidetes,Cytophagia,Cytophagales,Cytophagaceae,Sporocytophaga,uncultured_bacterium,,0.946802274536792,0.00151148264020364,13CCPS,0.7647058823529409,0.0550696767200512,-0.0007284812360166537,1.0628736809312098,0.255768723939031,3.27564054144876,1767.475806451613,0.0007460074741049003,one
30,13CCPS,OTU.573,3.0289414638126497,0.629688870278572,Bacteria,Bacteroidetes,Cytophagia,Cytophagales,Cytophagaceae,Adhaeribacter,uncultured_bacterium,,0.946802274536792,0.000472151495434367,13CCPS,0.941176470588235,0.0214325818173404,-0.0021613716936905725,0.768254692594558,0.41441375050365703,2.9881118455177402,1812.4112903225807,0.0009903034218570167,one
30,13CCPS,OTU.663,3.62983275803117,0.8998215553824369,Bacteria,Planctomycetes,Planctomycetacia,Planctomycetales,Planctomycetaceae,Pirellula,,,0.946802274536792,0.00143309438284799,13CCPS,0.588235294117647,0.0529098446147476,0.026422751667225963,1.4037419009391499,0.146760780363903,1.5018189513762399,2481.25,0.0001933275386385987,one
30,13CCPS,OTU.1204,4.31802540995682,1.0191231195184498,Bacteria,Planctomycetes,Planctomycetacia,Planctomycetales,Planctomycetaceae,Planctomyces,uncultured_planctomycete,,0.946802274536792,0.000469883550047079,13CCPS,0.47058823529411803,0.0214325818173404,0.02335534252405824,1.11617556003249,0.185947134362496,1.66532265823138,2824.1532258064517,0.00012879486516549827,one
30,13CCPS,OTU.600,3.4829770164437,0.7937846300481971,Bacteria,Planctomycetes,Planctomycetacia,Planctomycetales,Planctomycetaceae,Planctomyces,uncultured_bacterium,,0.946802274536792,0.0006990539595940969,13CCPS,0.647058823529412,0.0302450064705633,0.015444452284333774,1.4650197009453503,0.11275017063838699,1.80589389905604,2284.0887096774195,0.0002754727256088864,one
30,13CCPS,OTU.899,2.28018656226215,0.4387738900033689,Bacteria,Proteobacteria,Deltaproteobacteria,Myxococcales,Nannocystineae,Nannocystaceae,Enhygromyxa,uncultured_bacterium,0.946802274536792,0.00118726935627066,13CCPS,1.0,0.0469649835359064,0.006109048572661591,0.700172290664325,0.45134635029496,2.1312686611918203,1866.1451612903227,0.0005540059590744623,one
30,13CCPS,OTU.3594,3.83335537082856,1.01932550501425,Bacteria,Proteobacteria,Deltaproteobacteria,Myxococcales,Sorangiineae,uncultured,uncultured_bacterium,,0.946802274536792,0.0023141468857825398,13CCPS,0.47058823529411803,0.0783118422091854,0.026834944384769518,-0.299538063590862,0.709592522032293,3.3494156232022703,2771.3387096774195,0.00013856451705335533,one
30,13CCPS,OTU.442,3.05238223700903,0.6747895604635901,Bacteria,Proteobacteria,Deltaproteobacteria,Myxococcales,Sorangiineae,uncultured,uncultured_bacterium,,0.946802274536792,0.0009031797271144131,13CCPS,0.882352941176471,0.0379050443478332,0.01267588276842302,0.277361089573376,0.781387550204995,3.2180319729570095,2084.3870967741937,0.0006911282853226375,one
30,13CCPS,OTU.228,2.5412184882736697,0.579662231789412,Bacteria,Proteobacteria,Deltaproteobacteria,Myxococcales,Sorangiineae,Polyangiaceae,Chondromyces,,0.946802274536792,0.00297435421318366,13CCPS,0.882352941176471,0.0935907592761994,0.0041888619033425565,-0.272347429425869,0.778178461465175,3.9279143086242203,2172.7419354838707,0.0005487558557833414,one
30,13CCPS,OTU.633,3.84055977181005,0.773184258397654,Bacteria,Proteobacteria,Deltaproteobacteria,Myxococcales,Sorangiineae,Sandaracinaceae,,,0.946802274536792,9.10451512243481e-05,13CCPS,0.7058823529411771,0.0061488786278102395,0.010123265335879816,0.14084683212223498,0.8796081681392031,2.3686123604041804,2459.7419354838707,0.00031795046336353076,one
30,13CCPS,OTU.6062,4.82899841220421,1.14243848514073,Bacteria,Proteobacteria,Gammaproteobacteria,Xanthomonadales,Xanthomonadaceae,Dokdonella,uncultured_bacterium,,0.946802274536792,0.00033919565013755,13CCPS,0.47058823529411803,0.0177213727402052,,-0.20310023815515102,0.800856253126085,2.11431694205638,2965.0806451612902,9.905373244339405e-05,one
30,13CCPS,OTU.638,4.0021106075943,0.867663141191075,Bacteria,Verrucomicrobia,Verrucomicrobiae,Verrucomicrobiales,Verrucomicrobiaceae,Haloferula,,,0.946802274536792,0.000214712531818676,13CCPS,0.588235294117647,0.0125932734401226,0.02266001508471649,0.837524914211843,0.404244148642144,1.72806993104582,2023.75,0.0006248760661635847,one
30,13CCPS,OTU.1023,4.60516193778251,0.917374461959873,Bacteria,Verrucomicrobia,Spartobacteria,Chthoniobacterales,FukuN18_freshwater_group,uncultured_bacterium,,,0.946802274536792,3.33361861652676e-05,13CCPS,0.588235294117647,0.00297767417714923,0.02316204823925116,0.94541177435674,0.25468974061930605,2.0938664611516002,2656.8225806451615,0.0002692792043432794,one
30,13CCPS,OTU.1533,3.42849379075817,0.876573632471302,Bacteria,Verrucomicrobia,Spartobacteria,Chthoniobacterales,01D2Z36,,,,0.946802274536792,0.00231921300776633,13CCPS,0.647058823529412,0.0783118422091854,0.019435912303245484,1.173003367402,0.212077002226106,1.7306001981345702,2577.8064516129034,0.00020666885195655944,one
30,13CCPS,OTU.541,4.488123804437611,0.895678018305293,Bacteria,Verrucomicrobia,Spartobacteria,Chthoniobacterales,LD29,,,,0.946802274536792,3.846169130928279e-05,13CCPS,0.588235294117647,0.00313236538927659,0.02505044293976644,0.272323138263902,0.783516024120247,1.90106715498279,2340.25,0.0004518566157606589,one
30,13CCPS,OTU.971,3.67913384859115,0.9279264824265121,Bacteria,Chloroflexi,Anaerolineae,Anaerolineales,Anaerolineaceae,uncultured,uncultured_bacterium,,0.946802274536792,0.00161709159673644,13CCPS,0.529411764705882,0.0581522939138077,0.03609378415734854,0.7682197305180449,0.34796827461487206,2.1029706027275,2426.0,0.00022286132636288169,one
1,13CXPS,OTU.14,2.5454304997843398,0.4415395728058811,Bacteria,Bacteroidetes,Flavobacteria,Flavobacteriales,Flavobacteriaceae,Flavobacterium,uncultured_bacterium,,0.946802274536792,0.000146973114658704,13CXPS,1.0,0.0122179508958757,0.017105387852475396,-2.40022250399483,5.343632701022861e-07,5.602033558076579,61.29761904761905,0.013975814325710302,one
3,13CXPS,OTU.14,3.91724325110765,0.414498270455976,Bacteria,Bacteroidetes,Flavobacteria,Flavobacteriales,Flavobacteriaceae,Flavobacterium,uncultured_bacterium,,0.946802274536792,3.851097372326e-13,13CXPS,1.0,1.60700791779489e-10,0.01614962853233526,-2.40022250399483,5.343632701022861e-07,5.602033558076579,95.28125,0.010713764486883782,one
1,13CXPS,OTU.3507,2.36160080474996,0.350521613115442,Bacteria,Firmicutes,Bacilli,Bacillales,Bacillaceae,Bacillus,Bacillus_cereus,,0.946802274536792,2.71542996993179e-05,13CXPS,0.956521739130435,0.0028327753364895602,-0.007460281404045865,-0.8732730744826619,0.343530118509818,13.5469392089831,419.17857142857144,0.0035700564147081257,one
1,13CXPS,OTU.3,2.60725508392564,0.26147972130846997,Bacteria,Firmicutes,Bacilli,Bacillales,,,,,0.946802274536792,1.0750613909666798e-10,13CXPS,1.0,2.8547766572851605e-08,0.006671002255286274,0.00459094680389782,0.993742416653022,9.389382478273971,151.54761904761904,0.006059742061800859,one
1,13CXPS,OTU.4743,2.2387247833481,0.139233349664204,Bacteria,Firmicutes,Bacilli,Bacillales,Planococcaceae,,,,0.946802274536792,8.56752882061337e-21,13CXPS,1.0,2.5025751685011603e-17,-0.0011210308104294686,-0.819032615330945,0.0218097983234794,9.6877316696295,12.428571428571429,0.030415886982524742,one
1,13CXPS,OTU.9,2.04320331901038,0.20076869947100898,Bacteria,Firmicutes,Bacilli,Bacillales,Bacillaceae,,,,0.946802274536792,2.3670892406074903e-08,13CXPS,1.0,4.93876262272462e-06,0.004655391327216264,-0.683696382893708,0.136944300451991,8.87180493184726,47.726190476190474,0.00940357991613664,one
1,13CXPS,OTU.8,2.26382137424073,0.19460956321887501,Bacteria,Firmicutes,Bacilli,Bacillales,Planococcaceae,Sporosarcina,,,0.946802274536792,6.5515929167964e-12,13CXPS,1.0,2.39215036374528e-09,-0.0007648102546291558,-1.2653998380501699,0.000501067173365368,8.67820864954408,12.80952380952381,0.02545388971773084,one
1,13CXPS,OTU.2040,2.91201899383268,0.64790230647168,Bacteria,Firmicutes,Bacilli,Bacillales,Paenibacillaceae,Paenibacillus,,,0.946802274536792,0.0012098793031475,13CXPS,0.695652173913043,0.0631081686516758,0.013224025702220477,0.0728298569732863,0.9407705916450021,9.16588438392066,1296.107142857143,0.0004948686006078231,one
1,13CXPS,OTU.394,4.06466808875595,0.667100528688896,Bacteria,Firmicutes,Bacilli,Bacillales,Paenibacillaceae,Paenibacillus,,,0.946802274536792,1.47869558755007e-06,13CXPS,0.652173913043478,0.000196330445965171,0.004318180085000067,-0.757440563482003,0.417487880678272,10.895157894814599,1254.6190476190477,0.0009156778092927958,one
1,13CXPS,OTU.335,2.53150480595342,0.475213094124548,Bacteria,Firmicutes,Bacilli,Bacillales,Paenibacillaceae,Paenibacillus,,,0.946802274536792,0.000426926893406371,13CXPS,0.8695652173913041,0.0265330522476598,0.005829446941583383,-1.3958810403588302,0.16622374153883,7.36829973829972,725.4047619047619,0.0008780172093957717,one
1,13CXPS,OTU.843,3.6214842446024798,0.807200070740965,Bacteria,Firmicutes,Bacilli,Bacillales,Paenibacillaceae,Paenibacillus,,,0.946802274536792,0.000460630464780912,13CXPS,0.565217391304348,0.0280312830755217,0.01754803607716493,-0.5373325009022291,0.540705538078249,10.0183049598727,2273.2976190476193,0.0002521440727110442,one
1,13CXPS,OTU.267,4.97246477610994,0.63344292664322,Bacteria,Firmicutes,Bacilli,Bacillales,Paenibacillaceae,Paenibacillus,,,0.946802274536792,1.04071378849447e-10,13CXPS,0.695652173913043,2.8547766572851605e-08,0.011779779941041513,-1.81730378025357,0.0608017212357763,9.10085386660891,1322.0,0.0012905970164259896,one
1,13CXPS,OTU.369,5.04888416817383,0.73656526923394,Bacteria,Firmicutes,Bacilli,Bacillales,Paenibacillaceae,Paenibacillus,,,0.946802274536792,1.2795321299466202e-08,13CXPS,0.608695652173913,2.8750102704416e-06,0.02263081622408336,-0.27886378197113104,0.782025359154165,11.9997939290518,1692.154761904762,0.0009439339294094837,one
1,13CXPS,OTU.319,3.9787966175049903,0.608107132777427,Bacteria,Firmicutes,Bacilli,Bacillales,Paenibacillaceae,Paenibacillus,,,0.946802274536792,3.0828367169296997e-07,13CXPS,0.695652173913043,4.73945581586929e-05,-0.0011583855517904864,-1.22110993110093,0.22055547088897798,11.2658449379743,1727.9642857142858,0.001085073312964247,one
1,13CXPS,OTU.57,4.39171723665684,0.460099627498036,Bacteria,Firmicutes,Bacilli,Bacillales,Paenibacillaceae,Paenibacillus,,,0.946802274536792,3.51460268406146e-14,13CXPS,1.0,2.5665386100358802e-11,0.008898924899563676,-1.4450403709835202,0.0412244258647548,11.159666282225599,238.77380952380952,0.006662402209106575,one
3,13CXPS,OTU.57,2.64425036462988,0.38439943464235,Bacteria,Firmicutes,Bacilli,Bacillales,Paenibacillaceae,Paenibacillus,,,0.946802274536792,5.030822233096579e-06,13CXPS,0.954545454545455,0.0006122929892864621,0.010204185975425162,-1.4450403709835202,0.0412244258647548,11.159666282225599,619.859375,0.0019666387542368563,one
7,13CXPS,OTU.57,3.3584311814902903,0.536305771022085,Bacteria,Firmicutes,Bacilli,Bacillales,Paenibacillaceae,Paenibacillus,,,0.946802274536792,3.45012496790265e-06,13CXPS,0.944444444444444,0.000438165870923637,0.01611557443703071,-1.4450403709835202,0.0412244258647548,11.159666282225599,416.8833333333333,0.0018845162546090636,one
14,13CXPS,OTU.57,3.5416767569859395,0.424770796170101,Bacteria,Firmicutes,Bacilli,Bacillales,Paenibacillaceae,Paenibacillus,,,0.946802274536792,5.01658750018827e-10,13CXPS,0.882352941176471,1.22112100733749e-07,0.021987906346141232,-1.4450403709835202,0.0412244258647548,11.159666282225599,1335.811475409836,0.0014233785491865997,one
30,13CXPS,OTU.57,2.9053590546079504,0.522885688545842,Bacteria,Firmicutes,Bacilli,Bacillales,Paenibacillaceae,Paenibacillus,,,0.946802274536792,8.995679542462191e-05,13CXPS,0.7222222222222221,0.0079625393768279,0.021715812851852867,-1.4450403709835202,0.0412244258647548,11.159666282225599,1149.2016129032259,0.001231183970265859,one
1,13CXPS,OTU.1069,3.8531667973015695,0.860846503895902,Bacteria,Firmicutes,Bacilli,Bacillales,Paenibacillaceae,Paenibacillus,,,0.946802274536792,0.000367511847167073,13CXPS,0.565217391304348,0.024397775126705,0.025273209706643932,-0.20310023815515102,0.800856253126085,9.47725172833944,2049.095238095238,0.00022634739070802787,one
1,13CXPS,OTU.1040,4.7797347315198895,0.9336358302937241,Bacteria,Firmicutes,Bacilli,Bacillales,Paenibacillaceae,Paenibacillus,,,0.946802274536792,2.01822967760881e-05,13CXPS,0.5217391304347829,0.0021834255141834603,,-0.36589978334995793,0.653458498254736,9.73537414400766,2327.8690476190477,0.00024884047443228833,one
1,13CXPS,OTU.5603,3.9557964609879304,0.7493928395282149,Bacteria,Firmicutes,Bacilli,Bacillales,Paenibacillaceae,Paenibacillus,,,0.946802274536792,2.96923169019711e-05,13CXPS,0.608695652173913,0.00299073302312613,0.002456418554507067,-0.63119132793237,0.47857152801397795,9.569613021771529,1904.5119047619048,0.0004249093343978464,one
1,13CXPS,OTU.290,3.5888343632945094,0.5153207376036361,Bacteria,Proteobacteria,Gammaproteobacteria,Enterobacteriales,Enterobacteriaceae,Enterobacter,,,0.946802274536792,1.4722404786695498e-07,13CXPS,0.8695652173913041,2.3891191323298603e-05,0.01005844077386997,-1.11048778229728,0.19886676163392397,7.99899876522407,899.5238095238095,0.0011567769727210855,one
1,13CXPS,OTU.48,2.9947898449026202,0.24373066010621303,Bacteria,Proteobacteria,Gammaproteobacteria,aaa34a10,uncultured_bacterium,,,,0.946802274536792,2.18225544607955e-17,13CXPS,1.0,3.1871840789991795e-14,0.006264060577271691,-2.4861818631424,8.97191224803922e-06,8.99987101912183,60.583333333333336,0.0075036631751940275,one
3,13CXPS,OTU.48,1.7788696995047502,0.22678547475931102,Bacteria,Proteobacteria,Gammaproteobacteria,aaa34a10,uncultured_bacterium,,,,0.946802274536792,0.00012176835021016499,13CXPS,1.0,0.0104613338518792,0.007654522877192037,-2.4861818631424,8.97191224803922e-06,8.99987101912183,125.234375,0.004182189234943007,one
3,13CXPS,OTU.760,2.8867517785132097,0.6691844664276321,Bacteria,Bacteroidetes,Cytophagia,Cytophagales,Cytophagaceae,Dyadobacter,uncultured_bacterium,,0.946802274536792,0.0018719195698864801,13CXPS,0.590909090909091,0.0911312843939734,0.02912270348190172,-0.8298206599705941,0.380947761129029,3.7540863259843498,2049.140625,0.00024115212397192792,one
3,13CXPS,OTU.183,3.312632570008,0.7321641873501501,Bacteria,Bacteroidetes,Sphingobacteriia,Sphingobacteriales,Chitinophagaceae,Chitinophaga,,,0.946802274536792,0.000616177514742895,13CXPS,0.545454545454545,0.0351451417262121,0.017317297226124632,-0.33869231343847,0.724711582376998,4.54562335465462,1653.78125,0.0005310184327575743,one
3,13CXPS,OTU.5906,3.1639724715850095,0.7480543459647819,Bacteria,Bacteroidetes,Sphingobacteriia,Sphingobacteriales,Chitinophagaceae,Ferruginibacter,uncultured_bacterium,,0.946802274536792,0.0015187562651777801,13CXPS,0.545454545454545,0.07648770776869501,0.01819958282166656,-0.140990937121636,0.8596540947304859,5.21394967927057,1883.921875,0.0005050792749254874,one
3,13CXPS,OTU.277,3.51763794444781,0.7399794680220949,Bacteria,Bacteroidetes,Sphingobacteriia,Sphingobacteriales,Chitinophagaceae,uncultured,,,0.946802274536792,0.000256190771033179,13CXPS,0.545454545454545,0.0191880318509722,0.02338261597673208,-0.26491077174890804,0.792351136059892,4.83705945298312,1807.765625,0.0005135357088080798,one
3,13CXPS,OTU.360,2.97884724257274,0.59386995994161,Bacteria,Bacteroidetes,Sphingobacteriia,Sphingobacteriales,Chitinophagaceae,Flavisolibacter,,,0.946802274536792,0.00031115444171687,13CXPS,0.7272727272727271,0.021136793587325002,-0.0026568407805251932,-0.7724519467036541,0.280426791144985,5.16264280181067,1129.4921875,0.0009548397783781502,one
3,13CXPS,OTU.159,3.15745147748977,0.294543908553668,Bacteria,Bacteroidetes,Flavobacteria,Flavobacteriales,Flavobacteriaceae,Flavobacterium,uncultured_bacterium,,0.946802274536792,3.06370453521943e-14,13CXPS,1.0,2.5665386100358802e-11,0.005244668960581178,-3.7709300925391096,1.6183923033251e-11,5.71080252881495,136.609375,0.010095607403406537,one
3,13CXPS,OTU.131,3.07288128506598,0.44743790675721207,Bacteria,Bacteroidetes,Flavobacteria,Flavobacteriales,Flavobacteriaceae,Flavobacterium,,,0.946802274536792,1.00869787873832e-06,13CXPS,0.818181818181818,0.000140305071609268,0.007887326209423007,-1.57322696039114,0.104080956839914,5.66656621516022,603.8984375,0.002098446288382407,one
3,13CXPS,OTU.3540,2.5219669352822303,0.368674574287185,Bacteria,Bacteroidetes,Flavobacteria,Flavobacteriales,Flavobacteriaceae,Flavobacterium,uncultured_bacterium,,0.946802274536792,9.66437873515097e-06,13CXPS,0.818181818181818,0.00108575578020677,-0.003879221808624989,-1.57534279648114,0.04173609167435299,5.61406044069583,844.53125,0.0017788161958869255,one
3,13CXPS,OTU.107,2.24648061757027,0.395291602906572,Bacteria,Bacteroidetes,Flavobacteria,Flavobacteriales,Flavobacteriaceae,Flavobacterium,,,0.946802274536792,0.000504692592905762,13CXPS,0.9090909090909091,0.0300858584464843,0.005852724912504437,-2.4393218437860695,0.0010815112472018099,5.59158316595966,341.2578125,0.0027760043512812353,one
3,13CXPS,OTU.2379,3.1002896546874203,0.406432676188876,Bacteria,Bacteroidetes,Flavobacteria,Flavobacteriales,Flavobacteriaceae,Flavobacterium,uncultured_bacterium,,0.946802274536792,5.8375914175885305e-08,13CXPS,0.818181818181818,1.1367736353850699e-05,0.001807840245277248,-5.073779212462361,2.73271093079091e-08,5.584396507738969,379.6796875,0.0044725900586381605,one
3,13CXPS,OTU.6203,3.3232794066349,0.324476514737293,Bacteria,Bacteroidetes,Flavobacteria,Flavobacteriales,Flavobacteriaceae,Flavobacterium,,,0.946802274536792,1.20312546859029e-13,13CXPS,1.0,5.85721582292041e-11,0.008208406956734748,-3.1388191666409395,2.00022861616669e-08,5.58916350301878,84.0234375,0.011041013905162576,one
3,13CXPS,OTU.346,3.4375338700069396,0.745929122165121,Bacteria,Proteobacteria,Betaproteobacteria,Burkholderiales,Oxalobacteraceae,,,,0.946802274536792,0.0004202521893992,13CXPS,0.590909090909091,0.0265330522476598,0.030839177204065482,-0.0942207020710961,0.924031579360861,2.5229693941800098,2027.84375,0.0003807936065932881,one
7,13CXPS,OTU.4,2.84175258530638,0.48569986796220205,Bacteria,Actinobacteria,Micrococcales,Microbacteriaceae,Agromyces,,,,0.946802274536792,4.78023717098784e-05,13CXPS,1.0,0.00450421702466306,0.008851911266634538,-0.8188083856181421,0.0220244976352794,1.4323953832996699,29.9,0.02126545212004051,one
14,13CXPS,OTU.4,1.95101688037772,0.19565110030775398,Bacteria,Actinobacteria,Micrococcales,Microbacteriaceae,Agromyces,,,,0.946802274536792,1.42822212828332e-07,13CXPS,1.0,2.3891191323298603e-05,0.0113707807242458,-0.8188083856181421,0.0220244976352794,1.4323953832996699,39.92622950819672,0.011733009736887803,one
7,13CXPS,OTU.37,2.6814940449478195,0.515320585666509,Bacteria,Actinobacteria,Micrococcales,Microbacteriaceae,,,,,0.946802274536792,0.000381004568806877,13CXPS,1.0,0.0247314298996642,0.009215821924131841,-2.0130862502383797,0.0017225106652939998,1.92153480145961,263.65,0.0022722833823333125,one
7,13CXPS,OTU.244,3.07905570116877,0.7189295711455579,Bacteria,Actinobacteria,Micrococcales,Promicromonosporaceae,Cellulosimicrobium_,,,,0.946802274536792,0.00150912806508326,13CXPS,0.7777777777777779,0.07648770776869501,0.01478062326861229,-0.48125383115202597,0.632167496850273,3.0142046633639503,1922.3666666666666,0.0005933361552911893,one
7,13CXPS,OTU.252,3.34185254195275,0.662659702163457,Bacteria,Actinobacteria,Micrococcales,Promicromonosporaceae,Promicromonospora,,,,0.946802274536792,0.000150580702585254,13CXPS,0.8888888888888891,0.0122179508958757,0.010624090308720913,-0.669319540476073,0.46877173384272797,2.4895429743550697,1478.7583333333334,0.001032024020505422,one
7,13CXPS,OTU.5284,3.55612853985202,0.753940144566682,Bacteria,Actinobacteria,Micrococcales,Promicromonosporaceae,Isoptericola,,,,0.946802274536792,0.00026916672619244704,13CXPS,0.6111111111111109,0.0196559001802034,0.02254086042024284,-0.443836162385659,0.593936607061421,2.5146041766022003,2566.741666666667,0.0003048231424659937,one
7,13CXPS,OTU.24,2.8139283793938397,0.49751254948063894,Bacteria,Actinobacteria,Micrococcales,Cellulomonadaceae,Cellulomonas,,,,0.946802274536792,8.7392407027848e-05,13CXPS,1.0,0.0079625393768279,0.011311108344453258,-0.493702968709248,0.47877114711645,2.16547402196056,271.7916666666667,0.005050670291573719,one
7,13CXPS,OTU.62,2.56776166177306,0.47323015315426,Bacteria,Actinobacteria,Frankiales,Nakamurellaceae,Humicoccus,,,,0.946802274536792,0.00030705055141733303,13CXPS,1.0,0.021136793587325002,0.004444249369945696,0.8283285505261401,0.181949591926132,3.3683833472371,198.89166666666668,0.003400035965310151,one
7,13CXPS,OTU.4446,3.4944668355533794,0.744468931616275,Bacteria,Actinobacteria,Frankiales,Nakamurellaceae,Nakamurella,,,,0.946802274536792,0.000310670520239187,13CXPS,0.6111111111111109,0.021136793587325002,0.009956875006249756,0.42936952952389895,0.65858344707465,3.34201212605627,2017.4166666666667,0.0002875439877021976,one
7,13CXPS,OTU.22,2.80365540385165,0.46919197166051396,Bacteria,Proteobacteria,Alphaproteobacteria,Rhodobacterales,Rhodobacteraceae,,,,0.946802274536792,3.78603955492314e-05,13CXPS,1.0,0.00368634051331016,0.007821110652632024,-1.4188200798683699,0.0190394036657906,2.8486760614703197,110.0,0.00451459338716029,one
14,13CXPS,OTU.22,2.1690407136657597,0.340471605729376,Bacteria,Proteobacteria,Alphaproteobacteria,Rhodobacterales,Rhodobacteraceae,,,,0.946802274536792,0.000165440777451134,13CXPS,1.0,0.0130608786739125,0.007777104208873453,-1.4188200798683699,0.0190394036657906,2.8486760614703197,318.4918032786885,0.0034077077074851376,one
7,13CXPS,OTU.68,3.73783295267415,0.864519500267033,Bacteria,Proteobacteria,Gammaproteobacteria,Enterobacteriales,Enterobacteriaceae,,,,0.946802274536792,0.0006223837890321861,13CXPS,0.7777777777777779,0.0351451417262121,0.007115056571777911,-0.320104722160049,0.692017505954165,7.00001480338595,1622.8083333333334,0.0019442082253075873,one
